iso_code,continent,location,date,total_cases,new_cases,new_cases_smoothed,total_cases_per_million,new_cases_per_million,new_cases_smoothed_per_million
ARG,South America,Argentina,01/01/22,5674428,20020,31715.571,124423.322,438.979,695.428
ARG,South America,Argentina,01/02/22,5694930,20502,33555.429,124872.87,449.548,735.771
ARG,South America,Argentina,01/03/22,5739326,44396,37003,125846.342,973.472,811.366
ARG,South America,Argentina,01/04/22,5820536,81210,43761.286,127627.036,1780.694,959.555
ARG,South America,Argentina,01/05/22,5915695,95159,51350.857,129713.589,2086.554,1125.972
ARG,South America,Argentina,01/06/22,6025303,109608,59794,132116.967,2403.377,1311.105
ARG,South America,Argentina,01/07/22,6135836,110533,68775.429,134540.627,2423.66,1508.041
ARG,South America,Argentina,01/08/22,6237525,101689,80442.429,136770.364,2229.737,1763.863
ARG,South America,Argentina,01/09/22,6310844,73319,87987.714,138378.031,1607.668,1929.309
ARG,South America,Argentina,01/10/22,6399196,88352,94267.143,140315.328,1937.296,2066.998
ARG,South America,Argentina,01/11/22,6533635,134439,101871.286,143263.175,2947.847,2233.734
ARG,South America,Argentina,01/12/22,6664717,131082,107003.143,146137.413,2874.238,2346.261
ARG,South America,Argentina,01/13/22,6793119,128402,109688,148952.887,2815.474,2405.131
ARG,South America,Argentina,01/14/22,6932972,139853,113876.571,152019.447,3066.56,2496.974
ARG,South America,Argentina,01/15/22,7029624,96652,113157,154138.738,2119.291,2481.196
ARG,South America,Argentina,01/16/22,7094865,65241,112003,155569.279,1430.541,2455.893
ARG,South America,Argentina,01/17/22,7197323,102458,114018.143,157815.878,2246.599,2500.079
ARG,South America,Argentina,01/18/22,7318305,120982,112095.714,160468.653,2652.775,2457.925
ARG,South America,Argentina,01/19/22,7446626,128321,111701.286,163282.351,2813.698,2449.277
ARG,South America,Argentina,01/20/22,7576335,129709,111888,166126.483,2844.132,2453.371
ARG,South America,Argentina,01/21/22,7694506,118171,108790.571,168717.622,2591.138,2385.454
ARG,South America,Argentina,01/22/22,7792652,98146,109004,170869.672,2152.05,2390.133
ARG,South America,Argentina,01/23/22,7862536,69884,109667.286,172402.02,1532.348,2404.677
ARG,South America,Argentina,01/24/22,7940657,78121,106190.571,174114.981,1712.961,2328.443
ARG,South America,Argentina,01/25/22,8041520,100863,103316.429,176326.606,2211.625,2265.422
ARG,South America,Argentina,01/26/22,8130023,88503,97628.143,178267.214,1940.607,2140.695
ARG,South America,Argentina,01/27/22,8207752,77729,90202.429,179971.58,1704.366,1977.871
ARG,South America,Argentina,01/28/22,8271636,63884,82447.143,181372.366,1400.786,1807.821
ARG,South America,Argentina,01/29/22,8313614,41978,74423.143,182292.818,920.453,1631.878
ARG,South America,Argentina,01/30/22,8335184,21570,67521.143,182765.784,472.966,1480.538
ARG,South America,Argentina,01/31/22,8378656,43472,62571.286,183718.996,953.212,1372.002
ARG,South America,Argentina,02/01/22,8427778,49122,55179.714,184796.095,1077.099,1209.927
ARG,South America,Argentina,02/02/22,8472848,45070,48975,185784.346,988.251,1073.876
ARG,South America,Argentina,02/03/22,8515285,42437,43933.286,186714.863,930.517,963.326
ARG,South America,Argentina,02/04/22,8555379,40094,40534.714,187594.005,879.142,888.806
ARG,South America,Argentina,02/05/22,8577215,21836,37657.286,188072.804,478.799,825.712
ARG,South America,Argentina,02/06/22,8589879,12664,36385,188350.488,277.684,797.815
ARG,South America,Argentina,02/07/22,8615285,25406,33804.143,188907.566,557.078,741.224
ARG,South America,Argentina,02/08/22,8648075,32790,31471,189626.553,718.987,690.065
ARG,South America,Argentina,02/09/22,8675327,27252,28925.571,190224.108,597.555,634.252
ARG,South America,Argentina,02/10/22,8700437,25110,26450.286,190774.696,550.588,579.976
ARG,South America,Argentina,02/11/22,8716940,16503,23080.143,191136.557,361.862,506.079
ARG,South America,Argentina,02/12/22,8728262,11322,21578.143,191384.815,248.258,473.144
ARG,South America,Argentina,02/13/22,8734551,6289,20667.429,191522.714,137.899,453.175
ARG,South America,Argentina,02/14/22,8747601,13050,18902.286,191808.862,286.148,414.471
ARG,South America,Argentina,02/15/22,8766174,18573,16871.286,192216.112,407.251,369.937
ARG,South America,Argentina,02/16/22,8783208,17034,15411.571,192589.617,373.505,337.93
ARG,South America,Argentina,02/17/22,8799858,16650,14203,192954.702,365.085,311.43
ARG,South America,Argentina,02/18/22,8815247,15389,14043.857,193292.137,337.435,307.94
ARG,South America,Argentina,02/19/22,8823054,7807,13541.714,193463.322,171.184,296.93
ARG,South America,Argentina,02/20/22,8827504,4450,13279,193560.897,97.575,291.169
ARG,South America,Argentina,02/21/22,8838674,11170,13010.429,193805.822,244.925,285.28
ARG,South America,Argentina,02/22/22,8855624,16950,12778.571,194177.485,371.663,280.196
ARG,South America,Argentina,02/23/22,8868188,12564,12140,194452.976,275.491,266.194
ARG,South America,Argentina,02/24/22,8878486,10298,11232.571,194678.78,225.804,246.297
ARG,South America,Argentina,02/25/22,8887973,9487,10389.429,194886.802,208.022,227.809
ARG,South America,Argentina,02/26/22,8893568,5595,10073.429,195009.484,122.682,220.88
ARG,South America,Argentina,02/27/22,8897178,3610,9953.429,195088.64,79.157,218.249
ARG,South America,Argentina,02/28/22,8900656,3478,8854.571,195164.903,76.262,194.154
ARG,South America,Argentina,03/01/22,8904176,3520,6936,195242.086,77.183,152.086
ARG,South America,Argentina,03/02/22,8912317,8141,6304.143,195420.594,178.508,138.231
ARG,South America,Argentina,03/03/22,8921536,9219,6150,195622.739,202.145,134.851
ARG,South America,Argentina,03/04/22,8929898,8362,5989.286,195806.093,183.354,131.327
ARG,South America,Argentina,03/05/22,8934328,4430,5822.857,195903.229,97.137,127.678
ARG,South America,Argentina,03/06/22,8936602,2274,5632,195953.091,49.862,123.493
ARG,South America,Argentina,03/07/22,8942888,6286,6033.143,196090.925,137.833,132.289
ARG,South America,Argentina,03/08/22,8949362,6474,6455.143,196232.88,141.956,141.542
ARG,South America,Argentina,03/09/22,8955458,6096,6163,196366.547,133.667,135.136
ARG,South America,Argentina,03/10/22,8961595,6137,5722.714,196501.113,134.566,125.482
ARG,South America,Argentina,03/11/22,8967210,5615,5330.286,196624.234,123.12,116.877
ARG,South America,Argentina,03/12/22,8970196,2986,5124,196689.708,65.474,112.354
ARG,South America,Argentina,03/13/22,8971432,1236,4975.714,196716.81,27.102,109.103
ARG,South America,Argentina,03/14/22,8976079,4647,4741.571,196818.704,101.895,103.969
ARG,South America,Argentina,03/15/22,8981155,5076,4541.857,196930.006,111.302,99.589
ARG,South America,Argentina,03/16/22,8985836,4681,4339.714,197032.646,102.64,95.157
ARG,South America,Argentina,03/17/22,8990413,4577,4116.857,197133.006,100.36,90.27
ARG,South America,Argentina,03/18/22,9004829,14416,5374.143,197449.106,316.1,117.839
ARG,South America,Argentina,03/19/22,9006526,1697,5190,197486.317,37.21,113.801
ARG,South America,Argentina,03/20/22,9007753,1227,5188.714,197513.221,26.904,113.773
ARG,South America,Argentina,03/21/22,9011367,3614,5041.143,197592.465,79.244,110.537
ARG,South America,Argentina,03/22/22,9016057,4690,4986,197695.303,102.838,109.328
ARG,South America,Argentina,03/23/22,9019660,3603,4832,197774.306,79.003,105.951
USA,North America,United States,01/01/22,55023934,188995,405115.714,165279.191,567.697,1216.874
USA,North America,United States,01/02/22,55309583,285649,420449.571,166137.214,858.024,1262.933
USA,North America,United States,01/03/22,56353540,1043957,498123.143,169273.02,3135.806,1496.247
USA,North America,United States,01/04/22,57165373,811833,562415.857,171711.579,2438.559,1689.367
USA,North America,United States,01/05/22,57827921,662548,585357.714,173701.72,1990.141,1758.279
USA,North America,United States,01/06/22,58662669,834748,620236.143,176209.11,2507.39,1863.046
USA,North America,United States,01/07/22,59532386,869717,671063.857,178821.539,2612.429,2015.721
USA,North America,United States,01/08/22,59930215,397829,700897.286,180016.526,1194.986,2105.334
USA,North America,United States,01/09/22,60415389,485174,729400.857,181473.876,1457.351,2190.952
USA,North America,United States,01/10/22,61797509,1382120,777709.857,185625.446,4151.569,2336.061
USA,North America,United States,01/11/22,62583893,786384,774074.286,187987.562,2362.116,2325.14
USA,North America,United States,01/12/22,63432705,848812,800683.429,190537.197,2549.635,2405.068
USA,North America,United States,01/13/22,64294414,861709,804535,193125.572,2588.375,2416.637
USA,North America,United States,01/14/22,65174193,879779,805972.429,195768.225,2642.653,2420.955
USA,North America,United States,01/15/22,65583536,409343,807617.286,196997.797,1229.572,2425.896
USA,North America,United States,01/16/22,66063476,479940,806869.571,198439.425,1441.629,2423.65
USA,North America,United States,01/17/22,66736191,672715,705526,200460.106,2020.681,2119.237
USA,North America,United States,01/18/22,67865489,1129298,754513.714,203852.256,3392.15,2266.385
USA,North America,United States,01/19/22,68773615,908126,762987.143,206580.057,2727.801,2291.837
USA,North America,United States,01/20/22,69506336,732721,744560.286,208780.982,2200.925,2236.487
USA,North America,United States,01/21/22,70347497,841161,739043.429,211307.635,2526.653,2219.916
USA,North America,United States,01/22/22,70651395,303898,723979.857,212220.475,912.839,2174.668
USA,North America,United States,01/23/22,71016668,365273,707598.857,213317.67,1097.196,2125.464
USA,North America,United States,01/24/22,71936274,919606,742869,216079.954,2762.284,2231.407
USA,North America,United States,01/25/22,72430476,494202,652141,217564.423,1484.469,1958.881
USA,North America,United States,01/26/22,73054670,624194,611579.286,219439.358,1874.935,1837.043
USA,North America,United States,01/27/22,73560935,506265,579228.429,220960.061,1520.703,1739.868
USA,North America,United States,01/28/22,74175398,614463,546843,222805.766,1845.705,1642.59
USA,North America,United States,01/29/22,74354834,179436,529062.714,223344.75,538.984,1589.182
USA,North America,United States,01/30/22,74553064,198230,505199.429,223940.187,595.437,1517.502
USA,North America,United States,01/31/22,75093931,540867,451093.857,225564.827,1624.64,1354.982
USA,North America,United States,02/01/22,75419879,325948,427057.571,226543.899,979.073,1282.782
USA,North America,United States,02/02/22,75749285,329406,384945,227533.359,989.46,1156.286
USA,North America,United States,02/03/22,76024372,275087,351919.571,228359.657,826.298,1057.085
USA,North America,United States,02/04/22,76379695,355323,314899.571,229426.965,1067.308,945.886
USA,North America,United States,02/05/22,76466510,86815,301668,229687.737,260.772,906.141
USA,North America,United States,02/06/22,76550118,83608,285293.429,229938.876,251.139,856.956
USA,North America,United States,02/07/22,76895911,345793,257425.714,230977.559,1038.682,773.247
USA,North America,United States,02/08/22,77110359,214448,241497.143,231621.711,644.152,725.402
USA,North America,United States,02/09/22,77298950,188591,221380.714,232188.195,566.484,664.977
USA,North America,United States,02/10/22,77470396,171446,206574.857,232703.179,514.984,620.503
USA,North America,United States,02/11/22,77679889,209493,185742,233332.447,629.269,557.926
USA,North America,United States,02/12/22,77731986,52097,180782.286,233488.935,156.487,543.028
USA,North America,United States,02/13/22,77790370,58384,177178.857,233664.307,175.372,532.204
USA,North America,United States,02/14/22,77960251,169881,152048.571,234174.59,510.283,456.719
USA,North America,United States,02/15/22,78071489,111238,137304.286,234508.723,334.133,412.43
USA,North America,United States,02/16/22,78186387,114898,126776.714,234853.85,345.127,380.808
USA,North America,United States,02/17/22,78288215,101828,116831.286,235159.718,305.868,350.934
USA,North America,United States,02/18/22,78433459,145244,107652.857,235595.998,436.279,323.364
USA,North America,United States,02/19/22,78464983,31524,104713.857,235690.688,94.691,314.536
USA,North America,United States,02/20/22,78488048,23065,99668.286,235759.97,69.282,299.381
USA,North America,United States,02/21/22,78570835,82787,87226.286,236008.643,248.673,262.008
USA,North America,United States,02/22/22,78660205,89370,84102.286,236277.09,268.447,252.624
USA,North America,United States,02/23/22,78745306,85101,79845.571,236532.714,255.624,239.838
USA,North America,United States,02/24/22,78812367,67061,74878.857,236734.15,201.436,224.919
USA,North America,United States,02/25/22,78886932,74565,64781.857,236958.126,223.976,194.59
USA,North America,United States,02/26/22,78934389,47457,67058,237100.676,142.55,201.427
USA,North America,United States,02/27/22,78952681,18292,66376.143,237155.621,54.945,199.379
USA,North America,United States,02/28/22,79051482,98801,68663.857,237452.396,296.775,206.25
USA,North America,United States,03/01/22,79098153,46671,62564,237592.585,140.189,187.928
USA,North America,United States,03/02/22,79151573,53420,58038.143,237753.046,160.461,174.333
USA,North America,United States,03/03/22,79200230,48657,55409,237899.201,146.154,166.436
USA,North America,United States,03/04/22,79251522,51292,52084.286,238053.27,154.069,156.449
USA,North America,United States,03/05/22,79266469,14947,47440,238098.167,44.897,142.499
USA,North America,United States,03/06/22,79277512,11043,46404.429,238131.338,33.171,139.388
USA,North America,United States,03/07/22,79340931,63419,41349.857,238321.834,190.496,124.205
USA,North America,United States,03/08/22,79370693,29762,38934.286,238411.232,89.398,116.95
USA,North America,United States,03/09/22,79408063,37370,36641.429,238523.483,112.251,110.062
USA,North America,United States,03/10/22,79454543,46480,36330.429,238663.098,139.615,109.128
USA,North America,United States,03/11/22,79504255,49712,36104.714,238812.422,149.323,108.45
USA,North America,United States,03/12/22,79514718,10463,35464.143,238843.85,31.428,106.526
USA,North America,United States,03/13/22,79525544,10826,35433.143,238876.369,32.519,106.433
USA,North America,United States,03/14/22,79560288,34744,31336.714,238980.732,104.363,94.128
USA,North America,United States,03/15/22,79585838,25550,30735,239057.478,76.746,92.321
USA,North America,United States,03/16/22,79630853,45015,31827.143,239192.693,135.215,95.601
USA,North America,United States,03/17/22,79683737,52884,32742,239351.544,158.851,98.349
USA,North America,United States,03/18/22,79717247,33510,30427.429,239452.2,100.656,91.397
USA,North America,United States,03/19/22,79728165,10918,30492.429,239484.996,32.795,91.592
USA,North America,United States,03/20/22,79734788,6623,29892,239504.889,19.894,89.789
USA,North America,United States,03/21/22,79780432,45644,31449.143,239641.994,137.104,94.466
USA,North America,United States,03/22/22,79803443,23011,31086.429,239711.113,69.12,93.376
USA,North America,United States,03/23/22,79844430,40987,30511,239834.229,123.115,91.648
FRA,Europe,France,01/01/22,10237147,219126,157704.714,151836.893,3250.067,2339.069
FRA,Europe,France,01/02/22,10295579,58432,162095.429,152703.554,866.661,2404.192
FRA,Europe,France,01/03/22,10363040,67461,167381.429,153704.132,1000.578,2482.594
FRA,Europe,France,01/04/22,10634786,271746,180515.429,157734.656,4030.524,2677.397
FRA,Europe,France,01/05/22,10967038,332252,198251.571,162662.603,4927.946,2940.458
FRA,Europe,France,01/06/22,11229825,262787,206286.286,166560.247,3897.645,3059.629
FRA,Europe,France,01/07/22,11558039,328214,220002.571,171428.302,4868.055,3263.068
FRA,Europe,France,01/08/22,11861708,303669,232080.143,175932.307,4504.005,3442.202
FRA,Europe,France,01/09/22,12157805,296097,266032.286,180324.004,4391.697,3945.779
FRA,Europe,France,01/10/22,12251701,93896,269808.714,181716.665,1392.661,4001.79
FRA,Europe,France,01/11/22,12620080,368379,283613.429,187180.446,5463.78,4206.541
FRA,Europe,France,01/12/22,12981799,361719,287823,192545.445,5365,4268.977
FRA,Europe,France,01/13/22,13290020,308221,294313.571,197116.965,4571.52,4365.245
FRA,Europe,France,01/14/22,13619391,329371,294478.857,202002.18,4885.216,4367.697
FRA,Europe,France,01/15/22,13943971,324580,297466.143,206816.336,4814.156,4412.004
FRA,Europe,France,01/16/22,14222100,278129,294899.286,210941.532,4125.197,4373.933
FRA,Europe,France,01/17/22,14324269,102169,296081.143,212456.898,1515.366,4391.462
FRA,Europe,France,01/18/22,14789038,464769,309851.143,219350.331,6893.432,4595.698
FRA,Europe,France,01/19/22,15225205,436167,320486.571,225819.54,6469.209,4753.442
FRA,Europe,France,01/20/22,15652148,426943,337446.857,232151.939,6332.399,5004.996
FRA,Europe,France,01/21/22,16052999,400851,347658.286,238097.342,5945.404,5156.452
FRA,Europe,France,01/22/22,16442319,389320,356906.857,243871.718,5774.376,5293.626
FRA,Europe,France,01/23/22,16743933,301614,360261.857,248345.243,4473.525,5343.387
FRA,Europe,France,01/24/22,16852414,108481,361163.571,249954.229,1608.985,5356.761
FRA,Europe,France,01/25/22,17354921,502507,366554.714,257407.389,7453.161,5436.723
FRA,Europe,France,01/26/22,17782057,427136,365264.571,263742.651,6335.261,5417.587
FRA,Europe,France,01/27/22,18174674,392617,360360.857,269565.928,5823.277,5344.856
FRA,Europe,France,01/28/22,18528177,353503,353596.857,274809.068,5243.14,5244.532
FRA,Europe,France,01/29/22,18860575,332398,345465.143,279739.18,4930.112,5123.923
FRA,Europe,France,01/30/22,19110023,249448,338012.857,283438.981,3699.801,5013.391
FRA,Europe,France,01/31/22,19196399,86376,334855,284720.106,1281.125,4966.554
FRA,Europe,France,02/01/22,19609576,413177,322093.571,290848.328,6128.222,4777.277
FRA,Europe,France,02/02/22,19924939,315363,306126,295525.778,4677.449,4540.447
FRA,Europe,France,02/03/22,20199291,274352,289231,299594.954,4069.176,4289.861
FRA,Europe,France,02/04/22,20440340,241049,273166.143,303170.182,3575.228,4051.588
FRA,Europe,France,02/05/22,20654882,214542,256329.571,306352.259,3182.077,3801.868
FRA,Europe,France,02/06/22,20810321,155439,242899.714,308657.723,2305.464,3602.677
FRA,Europe,France,02/07/22,20856322,46001,237131.857,309340.008,682.285,3517.129
FRA,Europe,France,02/08/22,21091589,235267,211716.143,312829.477,3489.469,3140.164
FRA,Europe,France,02/09/22,21091589,0,166664.286,312829.477,0,2471.957
FRA,Europe,France,02/10/22,21424815,333226,175074.857,317771.87,4942.393,2596.702
FRA,Europe,France,02/11/22,21556191,131376,159407.286,319720.432,1948.563,2364.322
FRA,Europe,France,02/12/22,21674802,118611,145702.857,321479.665,1759.233,2161.058
FRA,Europe,France,02/13/22,21761364,86562,135863.286,322763.549,1283.884,2015.118
FRA,Europe,France,02/14/22,21787839,26475,133073.857,323156.225,392.676,1973.745
FRA,Europe,France,02/15/22,21787839,0,99464.286,323156.225,0,1475.25
FRA,Europe,France,02/16/22,22028827,240988,133891.143,326730.548,3574.323,1985.867
FRA,Europe,France,02/17/22,22121273,92446,99494,328101.703,1371.155,1475.69
FRA,Europe,France,02/18/22,22203912,82639,92531.571,329327.401,1225.698,1372.424
FRA,Europe,France,02/19/22,22280464,76552,86523.143,330462.816,1135.416,1283.307
FRA,Europe,France,02/20/22,22339467,59003,82586.143,331337.946,875.13,1224.914
FRA,Europe,France,02/21/22,22356662,17195,81260.429,331592.982,255.035,1205.251
FRA,Europe,France,02/22/22,22454044,97382,95172.143,333037.347,1444.365,1411.589
FRA,Europe,France,02/23/22,22520877,66833,70292.857,334028.611,991.264,1042.58
FRA,Europe,France,02/24/22,22587682,66805,66629.857,335019.46,990.849,988.251
FRA,Europe,France,02/25/22,22645820,58138,63129.714,335881.76,862.3,936.337
FRA,Europe,France,02/26/22,22699443,53623,59854.143,336677.094,795.334,887.754
FRA,Europe,France,02/27/22,22742043,42600,57510.857,337308.935,631.841,852.998
FRA,Europe,France,02/28/22,22755526,13483,56980.571,337508.914,199.979,845.133
FRA,Europe,France,03/01/22,22835320,79794,54468,338692.415,1183.501,807.867
FRA,Europe,France,03/02/22,22893017,57697,53162.857,339548.174,855.759,788.509
FRA,Europe,France,03/03/22,22953299,60282,52231,340442.274,894.1,774.688
FRA,Europe,France,03/04/22,23011088,57789,52181.143,341299.398,857.124,773.948
FRA,Europe,France,03/05/22,23064766,53678,52189,342095.547,796.15,774.065
FRA,Europe,France,03/06/22,23110094,45328,52578.714,342767.85,672.303,779.845
FRA,Europe,France,03/07/22,23124590,14496,52723.429,342982.854,215.004,781.991
FRA,Europe,France,03/08/22,23217640,93050,54617.143,344362.968,1380.113,810.079
FRA,Europe,France,03/09/22,23286830,69190,56259,345389.19,1026.223,834.431
FRA,Europe,France,03/10/22,23361648,74818,58335.571,346498.888,1109.697,865.231
FRA,Europe,France,03/11/22,23434047,72399,60422.714,347572.706,1073.819,896.187
FRA,Europe,France,03/12/22,23504571,70524,62829.286,348618.715,1046.009,931.881
FRA,Europe,France,03/13/22,23563607,59036,64787.571,349494.334,875.619,960.926
FRA,Europe,France,03/14/22,23585765,22158,65882.143,349822.981,328.646,977.161
FRA,Europe,France,03/15/22,23702383,116618,69249,351552.653,1729.673,1027.098
FRA,Europe,France,03/16/22,23811215,108832,74912.143,353166.845,1614.191,1111.093
FRA,Europe,France,03/17/22,23912962,101747,78759.143,354675.951,1509.107,1168.152
FRA,Europe,France,03/18/22,24010541,97579,82356.286,356123.239,1447.287,1221.505
FRA,Europe,France,03/19/22,24108645,98104,86296.286,357578.313,1455.074,1279.943
FRA,Europe,France,03/20/22,24189928,81283,89474.429,358783.898,1205.586,1327.081
FRA,Europe,France,03/21/22,24214159,24231,89770.571,359143.292,359.393,1331.473
FRA,Europe,France,03/22/22,24394936,180777,98936.143,361824.568,2681.276,1467.416
FRA,Europe,France,03/23/22,24548990,154054,105396.429,364109.489,2284.922,1563.235
KOR,Asia,South Korea,01/01/22,639083,3830,4517.143,12456.5,74.651,88.045
KOR,Asia,South Korea,01/02/22,642207,3124,4362.429,12517.39,60.891,85.029
KOR,Asia,South Korea,01/03/22,645226,3019,4242,12576.234,58.844,82.682
KOR,Asia,South Korea,01/04/22,649669,4443,4104.429,12662.833,86.599,80
KOR,Asia,South Korea,01/05/22,653792,4123,3975,12743.196,80.362,77.478
KOR,Asia,South Korea,01/06/22,657508,3716,3810,12815.625,72.429,74.262
KOR,Asia,South Korea,01/07/22,661015,3507,3680.286,12883.981,68.356,71.733
KOR,Asia,South Korea,01/08/22,664391,3376,3615.429,12949.783,65.802,70.469
KOR,Asia,South Korea,01/09/22,667390,2999,3597.571,13008.237,58.454,70.121
KOR,Asia,South Korea,01/10/22,670483,3093,3608.143,13068.523,60.286,70.327
KOR,Asia,South Korea,01/11/22,674868,4385,3599.857,13153.992,85.469,70.166
KOR,Asia,South Korea,01/12/22,679030,4162,3605.429,13235.115,81.122,70.274
KOR,Asia,South Korea,01/13/22,683566,4536,3722.571,13323.527,88.412,72.557
KOR,Asia,South Korea,01/14/22,687984,4418,3852.714,13409.639,86.112,75.094
KOR,Asia,South Korea,01/15/22,692174,4190,3969,13491.307,81.668,77.361
KOR,Asia,South Korea,01/16/22,696032,3858,4091.714,13566.504,75.197,79.752
KOR,Asia,South Korea,01/17/22,700102,4070,4231.286,13645.834,79.329,82.473
KOR,Asia,South Korea,01/18/22,705902,5800,4433.429,13758.883,113.049,86.413
KOR,Asia,South Korea,01/19/22,712503,6601,4781.857,13887.544,128.661,93.204
KOR,Asia,South Korea,01/20/22,719269,6766,5100.429,14019.422,131.878,99.414
KOR,Asia,South Korea,01/21/22,726274,7005,5470,14155.957,136.536,106.617
KOR,Asia,South Korea,01/22/22,733902,7628,5961.143,14304.636,148.679,116.19
KOR,Asia,South Korea,01/23/22,741413,7511,6483,14451.035,146.398,126.361
KOR,Asia,South Korea,01/24/22,749979,8566,7125.286,14617.996,166.962,138.88
KOR,Asia,South Korea,01/25/22,762983,13004,8154.429,14871.46,253.464,158.94
KOR,Asia,South Korea,01/26/22,777497,14514,9284.857,15154.356,282.895,180.973
KOR,Asia,South Korea,01/27/22,793582,16085,10616.143,15467.872,313.516,206.921
KOR,Asia,South Korea,01/28/22,811122,17540,12121.143,15809.747,341.876,236.256
KOR,Asia,South Korea,01/29/22,828637,17515,13533.571,16151.136,341.389,263.786
KOR,Asia,South Korea,01/30/22,845709,17072,14899.429,16483.89,332.754,290.408
KOR,Asia,South Korea,01/31/22,864042,18333,16294.714,16841.222,357.332,317.604
KOR,Asia,South Korea,02/01/22,884310,20268,17332.429,17236.27,395.048,337.83
KOR,Asia,South Korea,02/02/22,907214,22904,18531,17682.697,446.427,361.192
KOR,Asia,South Korea,02/03/22,934656,27442,20153.429,18217.574,534.878,392.815
KOR,Asia,South Korea,02/04/22,971018,36362,22842.286,18926.314,708.739,445.224
KOR,Asia,South Korea,02/05/22,1009688,38670,25864.429,19680.039,753.725,504.129
KOR,Asia,South Korea,02/06/22,1044963,35275,28464.857,20367.591,687.552,554.814
KOR,Asia,South Korea,02/07/22,1081681,36718,31091.286,21083.269,715.678,606.007
KOR,Asia,South Korea,02/08/22,1131239,49558,35275.571,22049.214,965.945,687.563
KOR,Asia,South Korea,02/09/22,1185361,54122,39735.286,23104.118,1054.903,774.489
KOR,Asia,South Korea,02/10/22,1239287,53926,43518.714,24155.2,1051.083,848.232
KOR,Asia,South Korea,02/11/22,1294205,54918,46169.571,25225.619,1070.418,899.901
KOR,Asia,South Korea,02/12/22,1350630,56425,48706,26325.41,1099.791,949.339
KOR,Asia,South Korea,02/13/22,1405246,54616,51469,27389.942,1064.532,1003.193
KOR,Asia,South Korea,02/14/22,1462421,57175,54391.429,28504.352,1114.41,1060.155
KOR,Asia,South Korea,02/15/22,1552851,90430,60230.286,30266.941,1762.59,1173.961
KOR,Asia,South Korea,02/16/22,1645978,93127,65802.429,32082.099,1815.158,1282.569
KOR,Asia,South Korea,02/17/22,1755806,109828,73788.429,34222.78,2140.68,1438.226
KOR,Asia,South Korea,02/18/22,1858009,102203,80543.429,36214.839,1992.06,1569.889
KOR,Asia,South Korea,02/19/22,1962837,104828,87458.143,38258.064,2043.224,1704.665
KOR,Asia,South Korea,02/20/22,2058184,95347,93276.857,40116.492,1858.428,1818.079
KOR,Asia,South Korea,02/21/22,2157734,99550,99330.429,42056.842,1940.35,1936.07
KOR,Asia,South Korea,02/22/22,2329182,171448,110904.429,45398.57,3341.729,2161.661
KOR,Asia,South Korea,02/23/22,2499188,170006,121887.143,48712.193,3313.622,2375.728
KOR,Asia,South Korea,02/24/22,2665077,165889,129895.857,51945.569,3233.377,2531.827
KOR,Asia,South Korea,02/25/22,2831283,166206,139039.143,55185.125,3239.556,2710.041
KOR,Asia,South Korea,02/26/22,2994841,163558,147429.143,58373.068,3187.943,2873.572
KOR,Asia,South Korea,02/27/22,3134456,139615,153753.143,61094.333,2721.265,2996.834
KOR,Asia,South Korea,02/28/22,3273449,138993,159387.857,63803.475,2709.141,3106.662
KOR,Asia,South Korea,03/01/22,3492686,219237,166214.857,68076.668,4273.194,3239.728
KOR,Asia,South Korea,03/02/22,3691488,198802,170328.571,71951.56,3874.891,3319.91
KOR,Asia,South Korea,03/03/22,3958326,266838,184749.857,77152.554,5200.995,3600.998
KOR,Asia,South Korea,03/04/22,4212652,254326,197338.429,82109.675,4957.121,3846.364
KOR,Asia,South Korea,03/05/22,4456264,243612,208774.714,86857.967,4748.292,4069.271
KOR,Asia,South Korea,03/06/22,4666977,210713,218931.571,90965.018,4107.051,4267.241
KOR,Asia,South Korea,03/07/22,4869691,202714,228034.571,94916.159,3951.141,4444.669
KOR,Asia,South Korea,03/08/22,5212118,342427,245633.143,101590.475,6674.316,4787.687
KOR,Asia,South Korea,03/09/22,5539650,327532,264023.143,107974.469,6383.994,5146.13
KOR,Asia,South Korea,03/10/22,5822626,282976,266328.571,113490.013,5515.544,5191.066
KOR,Asia,South Korea,03/11/22,6206277,383651,284803.571,120967.834,7477.821,5551.166
KOR,Asia,South Korea,03/12/22,6556453,350176,300027,127793.188,6825.353,5847.889
KOR,Asia,South Korea,03/13/22,6866222,309769,314177.857,133830.959,6037.772,6123.706
KOR,Asia,South Korea,03/14/22,7228550,362328,336979.857,140893.17,7062.21,6568.144
KOR,Asia,South Korea,03/15/22,7629275,400725,345308.143,148703.784,7810.614,6730.473
KOR,Asia,South Korea,03/16/22,8250592,621317,387277.429,160814.003,12110.219,7548.505
KOR,Asia,South Korea,03/17/22,8657609,407017,404997.571,168747.256,7933.253,7893.892
KOR,Asia,South Korea,03/18/22,9038938,381329,404665.857,176179.818,7432.563,7887.426
KOR,Asia,South Korea,03/19/22,9373646,334708,402456.143,182703.682,6523.863,7844.356
KOR,Asia,South Korea,03/20/22,9582815,209169,388084.714,186780.638,4076.956,7564.24
KOR,Asia,South Korea,03/21/22,9936540,353725,386855.714,193675.165,6894.527,7540.285
KOR,Asia,South Korea,03/22/22,10427247,490707,399710.286,203239.638,9564.472,7790.836
KOR,Asia,South Korea,03/23/22,10822836,395589,367463.429,210950.145,7710.507,7162.306
NZL,Oceania,New Zealand,01/01/22,14255,137,57.143,2780.758,26.725,11.147
NZL,Oceania,New Zealand,01/02/22,14306,51,58.143,2790.707,9.949,11.342
NZL,Oceania,New Zealand,01/03/22,14365,59,61.857,2802.216,11.509,12.067
NZL,Oceania,New Zealand,01/04/22,14405,40,59.857,2810.019,7.803,11.676
NZL,Oceania,New Zealand,01/05/22,14467,62,58.571,2822.113,12.094,11.426
NZL,Oceania,New Zealand,01/06/22,14525,58,58.143,2833.428,11.314,11.342
NZL,Oceania,New Zealand,01/07/22,14525,0,58.143,2833.428,0,11.342
NZL,Oceania,New Zealand,01/08/22,14673,148,59.714,2862.298,28.871,11.649
NZL,Oceania,New Zealand,01/09/22,14733,60,61,2874.003,11.704,11.899
NZL,Oceania,New Zealand,01/10/22,14756,23,55.857,2878.489,4.487,10.896
NZL,Oceania,New Zealand,01/11/22,14848,92,63.286,2896.436,17.947,12.345
NZL,Oceania,New Zealand,01/12/22,14887,39,60,2904.044,7.608,11.704
NZL,Oceania,New Zealand,01/13/22,14947,60,60.286,2915.748,11.704,11.76
NZL,Oceania,New Zealand,01/14/22,15001,54,68,2926.282,10.534,13.265
NZL,Oceania,New Zealand,01/15/22,15069,68,56.571,2939.547,13.265,11.036
NZL,Oceania,New Zealand,01/16/22,15127,58,56.286,2950.861,11.314,10.98
NZL,Oceania,New Zealand,01/17/22,15170,43,59.143,2959.249,8.388,11.537
NZL,Oceania,New Zealand,01/18/22,15249,79,57.286,2974.66,15.411,11.175
NZL,Oceania,New Zealand,01/19/22,15334,85,63.857,2991.241,16.581,12.457
NZL,Oceania,New Zealand,01/20/22,15401,67,64.857,3004.311,13.07,12.652
NZL,Oceania,New Zealand,01/21/22,15479,78,68.286,3019.527,15.216,13.321
NZL,Oceania,New Zealand,01/22/22,15550,71,68.714,3033.377,13.85,13.404
NZL,Oceania,New Zealand,01/23/22,15625,75,71.143,3048.007,14.63,13.878
NZL,Oceania,New Zealand,01/24/22,15687,62,73.857,3060.102,12.094,14.407
NZL,Oceania,New Zealand,01/25/22,15745,58,70.857,3071.416,11.314,13.822
NZL,Oceania,New Zealand,01/26/22,15842,97,72.571,3090.338,18.922,14.157
NZL,Oceania,New Zealand,01/27/22,15991,149,84.286,3119.404,29.066,16.442
NZL,Oceania,New Zealand,01/28/22,16146,155,95.286,3149.64,30.236,18.588
NZL,Oceania,New Zealand,01/29/22,16286,140,105.143,3176.95,27.31,20.51
NZL,Oceania,New Zealand,01/30/22,16416,130,113,3202.31,25.359,22.043
NZL,Oceania,New Zealand,01/31/22,16620,204,133.286,3242.104,39.795,26
NZL,Oceania,New Zealand,02/01/22,16817,197,153.143,3280.534,38.429,29.874
NZL,Oceania,New Zealand,02/02/22,17005,188,166.143,3317.207,36.674,32.41
NZL,Oceania,New Zealand,02/03/22,17277,272,183.714,3370.267,53.06,35.838
NZL,Oceania,New Zealand,02/04/22,17546,269,200,3422.742,52.474,39.014
NZL,Oceania,New Zealand,02/05/22,17773,227,212.429,3467.023,44.281,41.439
NZL,Oceania,New Zealand,02/06/22,17988,215,224.571,3508.964,41.941,43.808
NZL,Oceania,New Zealand,02/07/22,18253,265,233.286,3560.658,51.694,45.508
NZL,Oceania,New Zealand,02/08/22,18503,250,240.857,3609.426,48.768,46.985
NZL,Oceania,New Zealand,02/09/22,18837,334,261.714,3674.58,65.154,51.053
NZL,Oceania,New Zealand,02/10/22,19313,476,290.857,3767.435,92.854,56.738
NZL,Oceania,New Zealand,02/11/22,19777,464,318.714,3857.948,90.514,62.172
NZL,Oceania,New Zealand,02/12/22,19777,0,286.286,3857.948,0,55.846
NZL,Oceania,New Zealand,02/13/22,21573,1796,512.143,4208.298,350.35,99.905
NZL,Oceania,New Zealand,02/14/22,22328,755,582.143,4355.578,147.28,113.56
NZL,Oceania,New Zealand,02/15/22,23509,1181,715.143,4585.959,230.381,139.505
NZL,Oceania,New Zealand,02/16/22,25050,1541,887.571,4886.565,300.607,173.141
NZL,Oceania,New Zealand,02/17/22,26935,1885,1088.857,5254.277,367.712,212.406
NZL,Oceania,New Zealand,02/18/22,28751,1816,1282,5608.529,354.252,250.083
NZL,Oceania,New Zealand,02/19/22,31087,2336,1615.714,6064.218,455.689,315.181
NZL,Oceania,New Zealand,02/20/22,33317,2230,1677.714,6499.229,435.012,327.276
NZL,Oceania,New Zealand,02/21/22,36162,2845,1976.286,7054.211,554.981,385.519
NZL,Oceania,New Zealand,02/22/22,39345,3183,2262.286,7675.126,620.916,441.31
NZL,Oceania,New Zealand,02/23/22,45473,6128,2917.571,8870.53,1195.404,569.138
NZL,Oceania,New Zealand,02/24/22,57497,12024,4366,11216.082,2345.551,851.686
NZL,Oceania,New Zealand,02/25/22,71122,13625,6053,13873.944,2657.862,1180.774
NZL,Oceania,New Zealand,02/26/22,71122,0,5719.286,13873.944,0,1115.675
NZL,Oceania,New Zealand,02/27/22,86138,15016,7545.857,16803.152,2929.208,1471.989
NZL,Oceania,New Zealand,02/28/22,118812,32674,11807.143,23176.95,6373.798,2303.249
NZL,Oceania,New Zealand,03/01/22,142918,24106,14796.143,27879.367,4702.417,2886.32
NZL,Oceania,New Zealand,03/02/22,166098,23180,17232.143,32401.147,4521.78,3361.517
NZL,Oceania,New Zealand,03/03/22,188680,22582,18740.429,36806.274,4405.127,3655.742
NZL,Oceania,New Zealand,03/04/22,207562,18882,19491.429,40489.632,3683.358,3802.241
NZL,Oceania,New Zealand,03/05/22,222767,15205,21663.571,43455.709,2966.077,4225.966
NZL,Oceania,New Zealand,03/06/22,240319,17552,22025.857,46879.621,3423.912,4296.638
NZL,Oceania,New Zealand,03/07/22,264255,23936,20777.571,51548.875,4669.255,4053.132
NZL,Oceania,New Zealand,03/08/22,286750,22495,20547.429,55937.031,4388.155,4008.238
NZL,Oceania,New Zealand,03/09/22,286750,0,17236,55937.031,0,3362.269
NZL,Oceania,New Zealand,03/10/22,307803,21053,17017.571,60043.891,4106.861,3319.66
NZL,Oceania,New Zealand,03/11/22,347576,39773,20002,67802.509,7758.617,3901.84
NZL,Oceania,New Zealand,03/12/22,362109,14533,19906,70637.497,2834.988,3883.113
NZL,Oceania,New Zealand,03/13/22,377685,15576,19623.714,73675.946,3038.449,3828.046
NZL,Oceania,New Zealand,03/14/22,399342,21657,19298.143,77900.63,4224.684,3764.536
NZL,Oceania,New Zealand,03/15/22,399342,0,16084.571,77900.63,0,3137.657
NZL,Oceania,New Zealand,03/16/22,438477,39135,21675.286,85534.791,7634.161,4228.252
NZL,Oceania,New Zealand,03/17/22,452670,14193,20695.286,88303.455,2768.664,4037.08
NZL,Oceania,New Zealand,03/18/22,471225,18555,17664.143,91923.024,3619.57,3445.788
NZL,Oceania,New Zealand,03/19/22,483222,11997,17301.857,94263.309,2340.284,3375.116
NZL,Oceania,New Zealand,03/20/22,497731,14509,17149.429,97093.615,2830.306,3345.381
NZL,Oceania,New Zealand,03/21/22,518685,20954,17049,101181.164,4087.549,3325.791
NZL,Oceania,New Zealand,03/22/22,538839,20154,19928.143,105112.654,3931.491,3887.432
NZL,Oceania,New Zealand,03/23/22,557330,18491,16979,108719.739,3607.085,3312.135
